data,descricao,valor
2026-07-01,Salário empresa XYZ,5200.00
2026-07-02,Aluguel apartamento,-1800.00
2026-07-03,Supermercado Bom Preço,-342.15
2026-07-04,Uber viagem centro,-28.90
2026-07-05,Netflix assinatura,-44.90
2026-07-06,Padaria Pão Quente,-18.50
2026-07-08,Farmácia Saúde+,-76.30
2026-07-09,Posto Shell combustível,-210.00
2026-07-10,iFood pedido jantar,-62.40
2026-07-12,Spotify Premium,-21.90
2026-07-14,Academia SmartFit,-119.90
2026-07-15,Conta de luz,-148.72
2026-07-16,Freelance site cliente,850.00
2026-07-18,Cinema ingresso,-48.00
2026-07-20,"Livraria Cultura, livros",-135.80
2026-07-22,Supermercado Bom Preço,-289.45
2026-07-25,Internet fibra,-99.90
2026-07-27,Restaurante Sabor Caseiro,-87.60
2026-07-29,Estorno compra online,45.00
2026-07-31,Uber viagem aeroporto,-74.20
2026-08-01,Salário empresa XYZ,5200.00
2026-08-02,Aluguel apartamento,-1800.00
2026-08-03,Supermercado Atacadão,-415.30
2026-08-04,Netflix assinatura,-44.90
2026-08-05,Padaria Pão Quente,-22.10
2026-08-07,Posto Ipiranga combustível,-198.50
2026-08-08,iFood pedido almoço,-39.90
2026-08-10,Spotify Premium,-21.90
2026-08-12,Academia SmartFit,-119.90
2026-08-14,Consulta médica particular,-250.00
2026-08-15,Conta de luz,-162.35
2026-08-17,Amazon compra fones,-189.90
2026-08-19,Restaurante Sabor Caseiro,-94.00
2026-08-21,Internet fibra,-99.90
2026-08-23,Pagamento transferência PIX,-300.00
2026-08-25,Supermercado Bom Preço,-310.80
2026-08-28,Uber viagem centro,-31.40
2026-08-30,Freelance logo cliente,600.00
2026-09-01,Salário empresa XYZ,5200.00
2026-09-02,Aluguel apartamento,-1800.00
2026-09-03,Supermercado Bom Preço,-356.70
2026-09-04,Netflix assinatura,-44.90
2026-09-05,Compra loja XPTO,-129.00
2026-09-06,Posto Shell combustível,-205.00
2026-09-08,iFood pedido jantar,-71.30
2026-09-10,Spotify Premium,-21.90
2026-09-12,Academia SmartFit,-119.90
2026-09-14,Farmácia Saúde+,-58.20
2026-09-15,Conta de luz,-155.10
